Workbook

Sheet Raw_Campaign_Overview
A1: campaign_id | B1: campaign_name | C1: channel_name | D1: Budget | E1: Actual_Cost | F1: Revenue | G1: Variance
A2: 8 | B2: February Influencer Campaign | C2: Influencer | D2: 200000 | E2: 195000 | F2: 560000 | G2: 5000
A3: 28 | B3: August Influencer Campaign | C3: Influencer | D3: 220000 | E3: 215000 | F3: 600000 | G3: 5000
A4: 35 | B4: Navratri Influencer | C4: Influencer | D4: 250000 | E4: 245000 | F4: 740000 | G4: 5000
A5: 40 | B5: Diwali Influencer Campaign | C5: Influencer | D5: 300000 | E5: 295000 | F5: 920000 | G5: 5000
A6: 50 | B6: Year End Influencer | C6: Influencer | D6: 280000 | E6: 275000 | F6: 840000 | G6: 5000
A7: 27 | B7: Independence Day Paid Ads | C7: Paid Ads | D7: 175000 | E7: 172000 | F7: 720000 | G7: 3000
A8: 10 | B8: Holi Social Media | C8: Social Media | D8: 95000 | E8: 92000 | F8: 315000 | G8: 3000
A9: 11 | B9: Holi Paid Ads | C9: Paid Ads | D9: 130000 | E9: 128000 | F9: 520000 | G9: 2000
A10: 14 | B10: April Social Media | C10: Social Media | D10: 75000 | E10: 73000 | F10: 234000 | G10: 2000
A11: 15 | B11: April Google Ads | C11: Paid Ads | D11: 110000 | E11: 108000 | F11: 392000 | G11: 2000
A12: 17 | B12: May Social Media Boost | C12: Social Media | D12: 85000 | E12: 83000 | F12: 264000 | G12: 2000
A13: 18 | B13: May Influencer Campaign | C13: Influencer | D13: 180000 | E13: 178000 | F13: 500000 | G13: 2000
... A51: 13 | B51: April Email Newsletter | C51: Email | D51: 40000 | E51: 39000 | F51: 232000 | G51: 1000

Sheet Raw_Channel_Spend
A1: channel_name | B1: Total_Budget | C1: Total_Actual_Cost | D1: Total_revenue
A2: Paid Ads | B2: 1780000 | C2: 1757000 | D2: 7312000
A3: Social Media | B3: 1285000 | C3: 1258000 | D3: 4872000
A4: Email | B4: 820000 | C4: 799000 | D4: 4492000
A5: Influencer | B5: 1430000 | C5: 1403000 | D5: 4160000
A6: SMS | B6: 210000 | C6: 204000 | D6: 246000
B7: =SUBTOTAL(109,_3_Channel_Wise_Total_Spend_And_Revenue[Total_Budget]) -> 5525000 | D7: =SUBTOTAL(109,_3_Channel_Wise_Total_Spend_And_Revenue[Total_revenue]) -> 21082000

Sheet Raw_Campaign_ROI
A1: campaign_name | B1: channel_name | C1: Actual_Cost | D1: Revenue | E1: ROI_Pct
A2: New Year Sale Email Blast | B2: Email | C2: 48000 | D2: 320000 | E2: 566.67
A3: Valentine Email Campaign | B3: Email | C3: 44000 | D3: 288000 | E3: 554.55
A4: Holi Email Blast | B4: Email | C4: 53000 | D4: 340000 | E4: 541.51
A5: Diwali Email Campaign | B5: Email | C5: 83000 | D5: 520000 | E5: 526.51
A6: Navratri Email Blast | B6: Email | C6: 68000 | D6: 420000 | E6: 517.65
A7: Independence Day Email | B7: Email | C7: 60000 | D7: 360000 | E7: 500
A8: April Email Newsletter | B8: Email | C8: 39000 | D8: 232000 | E8: 494.87
A9: May Day Email Campaign | B9: Email | C9: 47000 | D9: 260000 | E9: 453.19
A10: Diwali Social Media | B10: Social Media | C10: 128000 | D10: 660000 | E10: 415.63
A11: Year End Email Blast | B11: Email | C11: 73000 | D11: 368000 | E11: 404.11
A12: December Email Newsletter | B12: Email | C12: 63000 | D12: 312000 | E12: 395.24
A13: Black Friday Social Media | B13: Social Media | C13: 118000 | D13: 580000 | E13: 391.53
... A51: September SMS Campaign | B51: SMS | C51: 31000 | D51: 30000 | E51: -3.23

Sheet Raw_Channel_ROI
A1: channel_name | B1: Total_Budget | C1: Total_Actual_Cost | D1: Total_Revenue | E1: Overall_ROI_Pct | F1: Avg_CTR_Pct | G1: Avg_Conversion_Rate
A2: Email | B2: 820000 | C2: 799000 | D2: 4492000 | E2: 462.2 | F2: 8.27 | G2: 6.34
A3: Paid Ads | B3: 1780000 | C3: 1757000 | D3: 7312000 | E3: 316.16 | F3: 5.31 | G3: 5.03
A4: Social Media | B4: 1285000 | C4: 1258000 | D4: 4872000 | E4: 287.28 | F4: 6.75 | G4: 5.23
A5: Influencer | B5: 1430000 | C5: 1403000 | D5: 4160000 | E5: 196.51 | F5: 6.66 | G5: 5.21
A6: SMS | B6: 210000 | C6: 204000 | D6: 246000 | E6: 20.59 | F6: 4.44 | G6: 3.35

Sheet Raw_Efficiency_Score
A1: campaign_name | B1: channel_name | C1: ROI | D1: CTR | E1: Conv_Rate | F1: CPA | G1: Total_Score | H1: Efficiency_Rating
A2: New Year Sale Email Blast | B2: Email | C2: 566.67 | D2: 8 | E2: 6.67 | F2: 60 | G2: 12 | H2: Highly Efficient
A3: Valentine Email Campaign | B3: Email | C3: 554.55 | D3: 8.46 | E3: 6.55 | F3: 61.11 | G3: 12 | H3: Highly Efficient
A4: Holi Email Blast | B4: Email | C4: 541.51 | D4: 9.29 | E4: 6.54 | F4: 62.35 | G4: 12 | H4: Highly Efficient
A5: April Email Newsletter | B5: Email | C5: 494.87 | D5: 7.92 | E5: 6.11 | F5: 67.24 | G5: 12 | H5: Highly Efficient
A6: May Day Email Campaign | B6: Email | C6: 453.19 | D6: 7.78 | E6: 6.19 | F6: 72.31 | G6: 12 | H6: Highly Efficient
A7: June Email Campaign | B7: Email | C7: 386.27 | D7: 7.84 | E7: 6.33 | F7: 82.26 | G7: 12 | H7: Highly Efficient
A8: July Email Campaign | B8: Email | C8: 391.23 | D8: 7.93 | E8: 6.09 | F8: 81.43 | G8: 12 | H8: Highly Efficient
A9: Independence Day Email | B9: Email | C9: 500 | D9: 8.75 | E9: 6.43 | F9: 66.67 | G9: 12 | H9: Highly Efficient
A10: Navratri Email Blast | B10: Email | C10: 517.65 | D10: 8.89 | E10: 6.56 | F10: 64.76 | G10: 12 | H10: Highly Efficient
A11: Diwali Email Campaign | B11: Email | C11: 526.51 | D11: 9.09 | E11: 6.5 | F11: 63.85 | G11: 12 | H11: Highly Efficient
A12: Diwali Social Media | B12: Social Media | C12: 415.63 | D12: 7.14 | E12: 5.5 | F12: 77.58 | G12: 12 | H12: Highly Efficient
A13: September Email Campaign | B13: Email | C13: 374.07 | D13: 7.73 | E13: 6.27 | F13: 84.38 | G13: 12 | H13: Highly Efficient
... A51: Year End SMS Campaign | B51: SMS | C51: 7.69 | D51: 4.57 | E51: 3.33 | F51: 278.57 | G51: 4 | H51: Average

Sheet Summary_Dashboard
A1: Marketing Campaign ROI Tracker — 2024
A3: KPI Summary | D3: Channel Performance Summary
A4: Total Campaigns | B4: =COUNTA(Raw_Campaign_Overview!A2:A51) -> 50 | D4: Channel | E4: Total Budget | F4: Total Revenue | G4: Overall ROI % | H4: Avg CTR % | I4: Avg Conversion % | J4: Ranking
A5: Total Budget | B5: =SUM(_3_Channel_Wise_Total_Spend_And_Revenue[Total_Budget]) -> 5525000 | D5: =Raw_Channel_ROI!A2 -> Email | E5: =Raw_Channel_ROI!B2 -> 820000 | F5: =Raw_Channel_ROI!D2 -> 4492000 | G5: =Raw_Channel_ROI!E2 -> 462.2 | H5: =Raw_Channel_ROI!F2 -> 8.27 | I5: =Raw_Channel_ROI!G2 -> 6.34 | J5: =RANK(G5, $G$5:$G$9, 0) -> 1
A6: Total Revenue | B6: =SUM(_3_Channel_Wise_Total_Spend_And_Revenue[Total_revenue]) -> 21082000 | D6: =Raw_Channel_ROI!A3 -> Paid Ads | E6: =Raw_Channel_ROI!B3 -> 1780000 | F6: =Raw_Channel_ROI!D3 -> 7312000 | G6: =Raw_Channel_ROI!E3 -> 316.16 | H6: =Raw_Channel_ROI!F3 -> 5.31 | I6: =Raw_Channel_ROI!G3 -> 5.03 | J6: =RANK(G6, $G$5:$G$9, 0) -> 2
A7: Overall ROI% | B7: =(B6-B5)/B5*100 -> 281.57466 | D7: =Raw_Channel_ROI!A4 -> Social Media | E7: =Raw_Channel_ROI!B4 -> 1285000 | F7: =Raw_Channel_ROI!D4 -> 4872000 | G7: =Raw_Channel_ROI!E4 -> 287.28 | H7: =Raw_Channel_ROI!F4 -> 6.75 | I7: =Raw_Channel_ROI!G4 -> 5.23 | J7: =RANK(G7, $G$5:$G$9, 0) -> 3
A8: Best Channel | B8: =INDEX(Raw_Channel_ROI!A2:A6,MATCH(MAX(Raw_Channel_ROI!E2:E6),Raw_Channel_ROI!E2:E6,0)) -> Email | D8: =Raw_Channel_ROI!A5 -> Influencer | E8: =Raw_Channel_ROI!B5 -> 1430000 | F8: =Raw_Channel_ROI!D5 -> 4160000 | G8: =Raw_Channel_ROI!E5 -> 196.51 | H8: =Raw_Channel_ROI!F5 -> 6.66 | I8: =Raw_Channel_ROI!G5 -> 5.21 | J8: =RANK(G8, $G$5:$G$9, 0) -> 4
D9: =Raw_Channel_ROI!A6 -> SMS | E9: =Raw_Channel_ROI!B6 -> 210000 | F9: =Raw_Channel_ROI!D6 -> 246000 | G9: =Raw_Channel_ROI!E6 -> 20.59 | H9: =Raw_Channel_ROI!F6 -> 4.44 | I9: =Raw_Channel_ROI!G6 -> 3.35 | J9: =RANK(G9, $G$5:$G$9, 0) -> 5
D10: Total | E10: =SUM(E5:E9) -> 5525000 | F10: =SUM(F5:F9) -> 21082000 | G10: =ROUND((F10-E10)/E10*100,2) -> 281.57
A13: Campaign Efficiency Analysis
A14: Campaign Name | B14: Channel | C14: ROI% | D14: CTR% | E14: Conversion Rate% | F14: CPA | G14: Efficiency Score | H14: Efficiency Rating | J14: Count campaigns per efficiency rating:
A15: =Raw_Efficiency_Score!A2 -> New Year Sale Email Blast | B15: =Raw_Efficiency_Score!B2 -> Email | C15: =Raw_Efficiency_Score!C2 -> 566.67 | D15: =Raw_Efficiency_Score!D2 -> 8 | E15: =Raw_Efficiency_Score!E2 -> 6.67 | F15: =Raw_Efficiency_Score!F2 -> 60 | G15: =Raw_Efficiency_Score!G2 -> 12 | H15: =Raw_Efficiency_Score!H2 -> Highly Efficient | J15: Rating | K15: Count Formula
A16: =Raw_Efficiency_Score!A3 -> Valentine Email Campaign | B16: =Raw_Efficiency_Score!B3 -> Email | C16: =Raw_Efficiency_Score!C3 -> 554.55 | D16: =Raw_Efficiency_Score!D3 -> 8.46 | E16: =Raw_Efficiency_Score!E3 -> 6.55 | F16: =Raw_Efficiency_Score!F3 -> 61.11 | G16: =Raw_Efficiency_Score!G3 -> 12 | H16: =Raw_Efficiency_Score!H3 -> Highly Efficient | J16: Highly Efficient | K16: =COUNTIF(H15:H64,"Highly Efficient") -> 29
A17: =Raw_Efficiency_Score!A4 -> Holi Email Blast | B17: =Raw_Efficiency_Score!B4 -> Email | C17: =Raw_Efficiency_Score!C4 -> 541.51 | D17: =Raw_Efficiency_Score!D4 -> 9.29 | E17: =Raw_Efficiency_Score!E4 -> 6.54 | F17: =Raw_Efficiency_Score!F4 -> 62.35 | G17: =Raw_Efficiency_Score!G4 -> 12 | H17: =Raw_Efficiency_Score!H4 -> Highly Efficient | J17: Efficient | K17: =COUNTIF(H15:H64,"Efficient") -> 14
A18: =Raw_Efficiency_Score!A5 -> April Email Newsletter | B18: =Raw_Efficiency_Score!B5 -> Email | C18: =Raw_Efficiency_Score!C5 -> 494.87 | D18: =Raw_Efficiency_Score!D5 -> 7.92 | E18: =Raw_Efficiency_Score!E5 -> 6.11 | F18: =Raw_Efficiency_Score!F5 -> 67.24 | G18: =Raw_Efficiency_Score!G5 -> 12 | H18: =Raw_Efficiency_Score!H5 -> Highly Efficient | J18: Average | K18: =COUNTIF(H15:H64,"Average") -> 7
A19: =Raw_Efficiency_Score!A6 -> May Day Email Campaign | B19: =Raw_Efficiency_Score!B6 -> Email | C19: =Raw_Efficiency_Score!C6 -> 453.19 | D19: =Raw_Efficiency_Score!D6 -> 7.78 | E19: =Raw_Efficiency_Score!E6 -> 6.19 | F19: =Raw_Efficiency_Score!F6 -> 72.31 | G19: =Raw_Efficiency_Score!G6 -> 12 | H19: =Raw_Efficiency_Score!H6 -> Highly Efficient | J19: Inefficient | K19: =COUNTIF(H15:H64,"Inefficient") -> 0
A20: =Raw_Efficiency_Score!A7 -> June Email Campaign | B20: =Raw_Efficiency_Score!B7 -> Email | C20: =Raw_Efficiency_Score!C7 -> 386.27 | D20: =Raw_Efficiency_Score!D7 -> 7.84 | E20: =Raw_Efficiency_Score!E7 -> 6.33 | F20: =Raw_Efficiency_Score!F7 -> 82.26 | G20: =Raw_Efficiency_Score!G7 -> 12 | H20: =Raw_Efficiency_Score!H7 -> Highly Efficient
A21: =Raw_Efficiency_Score!A8 -> July Email Campaign | B21: =Raw_Efficiency_Score!B8 -> Email | C21: =Raw_Efficiency_Score!C8 -> 391.23 | D21: =Raw_Efficiency_Score!D8 -> 7.93 | E21: =Raw_Efficiency_Score!E8 -> 6.09 | F21: =Raw_Efficiency_Score!F8 -> 81.43 | G21: =Raw_Efficiency_Score!G8 -> 12 | H21: =Raw_Efficiency_Score!H8 -> Highly Efficient
A22: =Raw_Efficiency_Score!A9 -> Independence Day Email | B22: =Raw_Efficiency_Score!B9 -> Email | C22: =Raw_Efficiency_Score!C9 -> 500 | D22: =Raw_Efficiency_Score!D9 -> 8.75 | E22: =Raw_Efficiency_Score!E9 -> 6.43 | F22: =Raw_Efficiency_Score!F9 -> 66.67 | G22: =Raw_Efficiency_Score!G9 -> 12 | H22: =Raw_Efficiency_Score!H9 -> Highly Efficient
A23: =Raw_Efficiency_Score!A10 -> Navratri Email Blast | B23: =Raw_Efficiency_Score!B10 -> Email | C23: =Raw_Efficiency_Score!C10 -> 517.65 | D23: =Raw_Efficiency_Score!D10 -> 8.89 | E23: =Raw_Efficiency_Score!E10 -> 6.56 | F23: =Raw_Efficiency_Score!F10 -> 64.76 | G23: =Raw_Efficiency_Score!G10 -> 12 | H23: =Raw_Efficiency_Score!H10 -> Highly Efficient
A24: =Raw_Efficiency_Score!A11 -> Diwali Email Campaign | B24: =Raw_Efficiency_Score!B11 -> Email | C24: =Raw_Efficiency_Score!C11 -> 526.51 | D24: =Raw_Efficiency_Score!D11 -> 9.09 | E24: =Raw_Efficiency_Score!E11 -> 6.5 | F24: =Raw_Efficiency_Score!F11 -> 63.85 | G24: =Raw_Efficiency_Score!G11 -> 12 | H24: =Raw_Efficiency_Score!H11 -> Highly Efficient
A25: =Raw_Efficiency_Score!A12 -> Diwali Social Media | B25: =Raw_Efficiency_Score!B12 -> Social Media | C25: =Raw_Efficiency_Score!C12 -> 415.63 | D25: =Raw_Efficiency_Score!D12 -> 7.14 | E25: =Raw_Efficiency_Score!E12 -> 5.5 | F25: =Raw_Efficiency_Score!F12 -> 77.58 | G25: =Raw_Efficiency_Score!G12 -> 12 | H25: =Raw_Efficiency_Score!H12 -> Highly Efficient
A26: =Raw_Efficiency_Score!A13 -> September Email Campaign | B26: =Raw_Efficiency_Score!B13 -> Email | C26: =Raw_Efficiency_Score!C13 -> 374.07 | D26: =Raw_Efficiency_Score!D13 -> 7.73 | E26: =Raw_Efficiency_Score!E13 -> 6.27 | F26: =Raw_Efficiency_Score!F13 -> 84.38 | G26: =Raw_Efficiency_Score!G13 -> 12 | H26: =Raw_Efficiency_Score!H13 -> Highly Efficient
A27: =Raw_Efficiency_Score!A14 -> November Email Campaign | B27: =Raw_Efficiency_Score!B14 -> Email | C27: =Raw_Efficiency_Score!C14 -> 388.14 | D27: =Raw_Efficiency_Score!D14 -> 7.97 | E27: =Raw_Efficiency_Score!E14 -> 6.1 | F27: =Raw_Efficiency_Score!F14 -> 81.94 | G27: =Raw_Efficiency_Score!G14 -> 12 | H27: =Raw_Efficiency_Score!H14 -> Highly Efficient
A28: =Raw_Efficiency_Score!A15 -> Black Friday Social Media | B28: =Raw_Efficiency_Score!B15 -> Social Media | C28: =Raw_Efficiency_Score!C15 -> 391.53 | D28: =Raw_Efficiency_Score!D15 -> 7.11 | E28: =Raw_Efficiency_Score!E15 -> 5.37 | F28: =Raw_Efficiency_Score!F15 -> 81.38 | G28: =Raw_Efficiency_Score!G15 -> 12 | H28: =Raw_Efficiency_Score!H15 -> Highly Efficient
A29: =Raw_Efficiency_Score!A16 -> December Email Newsletter | B29: =Raw_Efficiency_Score!B16 -> Email | C29: =Raw_Efficiency_Score!C16 -> 395.24 | D29: =Raw_Efficiency_Score!D16 -> 8.06 | E29: =Raw_Efficiency_Score!E16 -> 6.24 | F29: =Raw_Efficiency_Score!F16 -> 80.77 | G29: =Raw_Efficiency_Score!G16 -> 12 | H29: =Raw_Efficiency_Score!H16 -> Highly Efficient
A30: =Raw_Efficiency_Score!A17 -> Christmas Social Media | B30: =Raw_Efficiency_Score!B17 -> Social Media | C30: =Raw_Efficiency_Score!C17 -> 353.1 | D30: =Raw_Efficiency_Score!D17 -> 7.06 | E30: =Raw_Efficiency_Score!E17 -> 5.33 | F30: =Raw_Efficiency_Score!F17 -> 88.28 | G30: =Raw_Efficiency_Score!G17 -> 12 | H30: =Raw_Efficiency_Score!H17 -> Highly Efficient
A31: =Raw_Efficiency_Score!A18 -> Year End Email Blast | B31: =Raw_Efficiency_Score!B18 -> Email | C31: =Raw_Efficiency_Score!C18 -> 404.11 | D31: =Raw_Efficiency_Score!D18 -> 8.11 | E31: =Raw_Efficiency_Score!E18 -> 6.13 | F31: =Raw_Efficiency_Score!F18 -> 79.35 | G31: =Raw_Efficiency_Score!G18 -> 12 | H31: =Raw_Efficiency_Score!H18 -> Highly Efficient
... A64: =Raw_Efficiency_Score!A51 -> Year End SMS Campaign | B64: =Raw_Efficiency_Score!B51 -> SMS | C64: =Raw_Efficiency_Score!C51 -> 7.69 | D64: =Raw_Efficiency_Score!D51 -> 4.57 | E64: =Raw_Efficiency_Score!E51 -> 3.33 | F64: =Raw_Efficiency_Score!F51 -> 278.57 | G64: =Raw_Efficiency_Score!G51 -> 4 | H64: =Raw_Efficiency_Score!H51 -> Average
